,id,conversation_id,created_at,date,timezone,place,tweet,language,hashtags,cashtags,user_id,user_id_str,username,name,day,hour,link,urls,photos,video,thumbnail,retweet,nlikes,nreplies,nretweets,quote_url,search,near,geo,source,user_rt_id,user_rt,retweet_id,reply_to,retweet_date,translate,trans_src,trans_dest
0,1501343550491013125,1501343550491013125,1646783170000.0,2022-03-08 15:46:10,-0800,,Look at monero go ü•≤,en,[],[],1286011450377547780,1286011450377547780,0x_Capital,Bobby 0xelrod üòú,2,15,https://twitter.com/0x_Capital/status/1501343550491013125,[],[],0,,False,0,0,0,,Monero,,,,,,,[],,,,
1,1501343542647554056,1501343542647554056,1646783168000.0,2022-03-08 15:46:08,-0800,,This #InternationalWomensDay get to know the #women of #Crypto $luts ‚ù§ Each lady is a 1:1 babe uniquely drawn as the personification of the #cryptocurrency on her tongue by female #NFT artist @FullM3talMag üé® #womeninfts #WomensDay #womenpower #womeninbusiness #monero #XMR  https://t.co/CuMkwq6mIn,en,"['internationalwomensday', 'women', 'crypto', 'cryptocurrency', 'nft', 'womeninfts', 'womensday', 'womenpower', 'womeninbusiness', 'monero', 'xmr']",['luts'],1440803368650244103,1440803368650244103,CryptoSlutsNFT,Crypt0Sluts.eth,2,15,https://twitter.com/CryptoSlutsNFT/status/1501343542647554056,[],['https://pbs.twimg.com/media/FNXX_CKVIAIxbsw.jpg'],1,https://pbs.twimg.com/media/FNXX_CKVIAIxbsw.jpg,False,1,0,1,,Monero,,,,,,,[],,,,
2,1501343507604197383,1500881025542635523,1646783160000.0,2022-03-08 15:46:00,-0800,,"@sethforprivacy @ODELL @monero_sith Wait, I don't think that's accurate for how BIP49 works...  If I set up my Swan so that everytime I reach .05 BTC, for example, it auto-withdraws to my paynym that I set up with Samourai, then it goes through the whirlpool mix by default, ending the chain of visibility. Right?",en,[],[],1364451271,1364451271,Lewified,Ben,2,15,https://twitter.com/Lewified/status/1501343507604197383,[],[],0,,False,0,0,0,,Monero,,,,,,,"[{'screen_name': 'sethforprivacy', 'name': 'Seth For Privacy', 'id': '291490266'}, {'screen_name': 'ODELL', 'name': 'ODELL', 'id': '47966112'}, {'screen_name': 'monero_sith', 'name': 'Bane (üá∑üá∫, üáµüá∏)', 'id': '1423751568'}]",,,,
3,1501343468639199235,1501343032838434818,1646783151000.0,2022-03-08 15:45:51,-0800,,I first bought in the late summer dip when sol was around $140.  Sold some monero i was holding for years and bought 2 $sol. Life changing ü§ù,en,[],['sol'],1440001296128487435,1440001296128487435,wgmidiot,wgmidiot,2,15,https://twitter.com/wgmidiot/status/1501343468639199235,[],[],0,,False,0,0,0,,Monero,,,,,,,[],,,,
4,1501343432220065793,1501342694735589376,1646783142000.0,2022-03-08 15:45:42,-0800,,@FarvaMo @Rekt_Tekashi monero is like noahs ark for the russians,en,[],[],1446404435236818947,1446404435236818947,syntheticwomb,zoomer.eth,2,15,https://twitter.com/syntheticwomb/status/1501343432220065793,[],[],0,,False,2,0,0,,Monero,,,,,,,"[{'screen_name': 'FarvaMo', 'name': 'Farva', 'id': '1327233976847765504'}, {'screen_name': 'Rekt_Tekashi', 'name': 'rekt_teka$hi', 'id': '950209836259708928'}]",,,,
5,1501343424963702785,1501343424963702785,1646783140000.0,2022-03-08 15:45:40,-0800,,"1x Bit this gambling platform is best known for its wide range of cryptocurrency payment options. You can play using different virtual currencies like Bitcoin, Dash, Dogecoin, Ethereum, NEM, Monero, and more.  https://t.co/QiGdXgD86S  https://t.co/YCu0WmCo4A",en,[],[],1444825468784373760,1444825468784373760,Bk888Th80,Bk888 Th80,2,15,https://twitter.com/Bk888Th80/status/1501343424963702785,['https://www.techrum.vn/members/88india881xbit4.189635/'],['https://pbs.twimg.com/media/FNXX4r_VcAYQeYW.jpg'],1,https://pbs.twimg.com/media/FNXX4r_VcAYQeYW.jpg,False,0,0,0,,Monero,,,,,,,[],,,,
6,1501343331917262850,1501241342050979843,1646783118000.0,2022-03-08 15:45:18,-0800,,@lajornadaonline @fisgonmonero El pasqu√≠n publicando a un monero del r√©gimen. Son una secta de miserables y canallas!,es,[],[],97772342,97772342,victormgp,V√≠ctor M. Garc√≠a,2,15,https://twitter.com/victormgp/status/1501343331917262850,[],[],0,,False,0,0,0,,Monero,,,,,,,"[{'screen_name': 'lajornadaonline', 'name': 'La Jornada', 'id': '35977487'}, {'screen_name': 'fisgonmonero', 'name': 'Rafael Barajas', 'id': '218162682'}]",,,,
7,1501343289903095808,1501343289903095808,1646783108000.0,2022-03-08 15:45:08,-0800,,#Crypto #XMR - The Monero price is currently $193.51 with a 24-hour trading volume of $401.08M across 58 exchanges. The XMR price is up 21.44% in the last 24 hours. The Monero price prediction sentiment is currently bullish.  https://t.co/5rEgIsdutV,en,"['crypto', 'xmr']",[],865315506575872001,865315506575872001,ShareCheck,Alerts,2,15,https://twitter.com/ShareCheck/status/1501343289903095808,['https://coincodex.com/crypto/monero/'],[],0,,False,0,0,0,,Monero,,,,,,,[],,,,
8,1501343198844796936,1501343198844796936,1646783086000.0,2022-03-08 15:44:46,-0800,,"If you're one of our traders and you didn't just get a 3rd party video from me ( about DeFi projects like Pirate $ARRR and Monero $XMR ) on whatsapp (that you would like to see), email your whatsapp to the office.",en,[],"['arrr', 'xmr']",4042767012,4042767012,curtmelonopoly,Curtis Melonopoly,2,15,https://twitter.com/curtmelonopoly/status/1501343198844796936,[],[],0,,False,0,0,0,,Monero,,,,,,,[],,,,
9,1501343152933793800,1501343152933793800,1646783075000.0,2022-03-08 15:44:35,-0800,,Excelente cart√≥n de Qucho monero para el informador pero sobre todo para la sociedad Mexicana.  https://t.co/fUlgG9WhAJ,es,[],[],455468659,455468659,abelvargasrubio,Abel Vargas,2,15,https://twitter.com/abelvargasrubio/status/1501343152933793800,[],['https://pbs.twimg.com/media/FNXXpBmXwAAlBgl.jpg'],1,https://pbs.twimg.com/media/FNXXpBmXwAAlBgl.jpg,False,0,0,0,,Monero,,,,,,,[],,,,
10,1501343129152094214,1501343129152094214,1646783070000.0,2022-03-08 15:44:30,-0800,,I would seriously suggest moving into privacy projects...shit about to hit fan @HavenXHV @monero,en,[],[],1128027724621082626,1128027724621082626,TR10115,"xCLAnt Que Sera, Sera",2,15,https://twitter.com/TR10115/status/1501343129152094214,[],[],0,,False,0,0,0,https://twitter.com/watcherguru/status/1501292232711843841,Monero,,,,,,,[],,,,
11,1501343055277961218,1501332651948584960,1646783052000.0,2022-03-08 15:44:12,-0800,,@CartonCalderon Se burla el monero pero si esas mujeres resultaron heridas de gravedad saldr√° a culpar al gobierno.  El karma no existe. Gran parte de esas personas son manipulas por buitres que buscan regresar al poder,es,[],[],946068718739689473,946068718739689473,simordiera,Julio II üì°üì°üì°,2,15,https://twitter.com/simordiera/status/1501343055277961218,[],[],0,,False,0,0,0,,Monero,,,,,,,"[{'screen_name': 'CartonCalderon', 'name': 'PacoCalder√≥nCartonesüá≤üáΩ‚ù§Ô∏èüá∫üá¶', 'id': '1957798104'}]",,,,
12,1501343006493925377,1501342503705976834,1646783041000.0,2022-03-08 15:44:01,-0800,,"@Crypt0men ÿπŸÖŸÑÿßÿ™ ŸÖÿ´ŸÑ   dash, monero, zec, zen",und,[],[],1144917652722376704,1144917652722376704,Massini88571275,the king,2,15,https://twitter.com/Massini88571275/status/1501343006493925377,[],[],0,,False,1,0,0,,Monero,,,,,,,"[{'screen_name': 'Crypt0men', 'name': 'crypt0men üá≤üá¶ ÿ®Ÿäÿ™ŸÉŸàŸäŸÜ #ÿπŸÖŸÑÿßÿ™ ÿ±ŸÇŸÖŸäÿ©# üíØ', 'id': '143799946'}]",,,,
13,1501342935740153856,1501342935740153856,1646783024000.0,2022-03-08 15:43:44,-0800,,What is going on with Monero?  https://t.co/a3ERfFOGHe,en,[],[],1396206382903218176,1396206382903218176,tisistheway,Sunny,2,15,https://twitter.com/tisistheway/status/1501342935740153856,[],['https://pbs.twimg.com/media/FNXXX5PVgAMrXDN.png'],1,https://pbs.twimg.com/media/FNXXX5PVgAMrXDN.png,False,0,0,0,,Monero,,,,,,,[],,,,
14,1501342849186545664,1501342849186545664,1646783003000.0,2022-03-08 15:43:23,-0800,,What's going on with $XMR in the last hour?  #monero #xmr #crypto  https://t.co/XUd4gBv7iz,en,"['monero', 'xmr', 'crypto']",['xmr'],1477655540453056517,1477655540453056517,unkn0wnNFT,Unkn0wn.NFT,2,15,https://twitter.com/unkn0wnNFT/status/1501342849186545664,[],['https://pbs.twimg.com/media/FNXXRW0VcAIFVs6.png'],1,https://pbs.twimg.com/media/FNXXRW0VcAIFVs6.png,False,1,1,1,,Monero,,,,,,,[],,,,
15,1501342842400219141,1500788697045811203,1646783001000.0,2022-03-08 15:43:21,-0800,,@DontTraceMeBruh @monero @Ragnarly @PeterMcCormack @WhatBitcoinDid Why is @monero pumping without any news ? ü§î @binance,en,[],[],2614547863,2614547863,Archycoins,Stones,2,15,https://twitter.com/Archycoins/status/1501342842400219141,[],[],0,,False,0,0,0,,Monero,,,,,,,"[{'screen_name': 'DontTraceMeBruh', 'name': '·¥ú…¥·¥õ Ä·¥Ä·¥Ñ·¥á·¥Ä ô ü·¥á', 'id': '1310605670522204161'}, {'screen_name': 'monero', 'name': 'Monero || #xmr', 'id': '2478439963'}, {'screen_name': 'Ragnarly', 'name': 'Ragnar ‚òÄÔ∏è', 'id': '2375800382'}, {'screen_name': 'PeterMcCormack', 'name': 'Peter McCormack ‚ò†Ô∏è', 'id': '893818632089763840'}, {'screen_name': 'WhatBitcoinDid', 'name': 'What Bitcoin Did', 'id': '14101605'}]",,,,
16,1501342764075831299,1501342764075831299,1646782983000.0,2022-03-08 15:43:03,-0800,,$XMR Monero     https://t.co/3N0tiw6f8T  https://t.co/GHcx4eoPnG,tl,[],['xmr'],1464382392223866884,1464382392223866884,AlertingCryptos,Cryptos Alerting,2,15,https://twitter.com/AlertingCryptos/status/1501342764075831299,['http://www.cryptosalerting.com/group-rule/634cef4c-2a80-45e3-a196-1247dd22481d'],['https://pbs.twimg.com/media/FNXXSa_X0AUNf5y.png'],1,https://pbs.twimg.com/media/FNXXSa_X0AUNf5y.png,False,0,0,0,,Monero,,,,,,,[],,,,
17,1501342758816329728,1501342758816329728,1646782981000.0,2022-03-08 15:43:01,-0800,,@TheCryptoCobra  Monero $XMR is trending HOT right now.,en,[],['xmr'],958889780175028229,958889780175028229,TheCryptoCobra,The Crypto Cobra,2,15,https://twitter.com/TheCryptoCobra/status/1501342758816329728,[],[],0,,False,1,1,0,,Monero,,,,,,,[],,,,
18,1501342702541156353,1501342702541156353,1646782968000.0,2022-03-08 15:42:48,-0800,,monero up 25% today (shilling successful)  also worth noting BTC hasnt moved much today so its not a wider market move  https://t.co/eYlEIc7CJE,en,[],[],1481321318171697158,1481321318171697158,teaktreeturmoil,teak_tree_turmoil,2,15,https://twitter.com/teaktreeturmoil/status/1501342702541156353,[],['https://pbs.twimg.com/media/FNXW5CjWUAgHjvq.jpg'],1,https://pbs.twimg.com/media/FNXW5CjWUAgHjvq.jpg,False,2,1,0,https://twitter.com/teaktreeturmoil/status/1501219543313702917,Monero,,,,,,,[],,,,
19,1501342529215680517,1501342529215680517,1646782927000.0,2022-03-08 15:42:07,-0800,,Monero +23% breaking out from descending wedge or cup &amp; handle. Zcash +23% Dash also +10%  Privacy coins üßê  https://t.co/4fnddxqULy,en,[],[],1161401507486588933,1161401507486588933,Valarian11,Valarian,2,15,https://twitter.com/Valarian11/status/1501342529215680517,[],['https://pbs.twimg.com/media/FNXWDvgXoAAUMZE.jpg'],1,https://pbs.twimg.com/media/FNXWDvgXoAAUMZE.jpg,False,0,1,0,,Monero,,,,,,,[],,,,
20,1501342499255816192,1501342499255816192,1646782920000.0,2022-03-08 15:42:00,-0800,,"Verdaderamente increible que este monero sea unos de los representantes de la 4t, si @fisgonmonero pretende ser mordaz s√≥lo queda como un 1mbecil.",es,[],[],36249641,36249641,mimoso1,Fernando Benavides,2,15,https://twitter.com/mimoso1/status/1501342499255816192,[],[],0,,False,1,1,0,https://twitter.com/lajornadaonline/status/1501241342050979843,Monero,,,,,,,[],,,,
21,1501342439356784640,1501342439356784640,1646782905000.0,2022-03-08 15:41:45,-0800,,down bad for monero-chan,en,[],[],32947516,32947516,0xburden,burden,2,15,https://twitter.com/0xburden/status/1501342439356784640,[],[],0,,False,3,1,0,,Monero,,,,,,,[],,,,
22,1501342320033161218,1501342320033161218,1646782877000.0,2022-03-08 15:41:17,-0800,,"Is there even enough novel mechanism research to justify a $32m spend anymore? If Bitcoin, Ethereum, Monero, Zcash, et al ecosystems haven‚Äôt already done most of the heavy lifting, I‚Äôm curious what is left requiring this level of capitalization‚Ä¶",en,[],[],26437093,26437093,cyber_hokie,cyberhokie.eth,2,15,https://twitter.com/cyber_hokie/status/1501342320033161218,[],[],0,,False,1,0,1,https://twitter.com/theblock__/status/1501076333618733056,Monero,,,,,,,[],,,,
23,1501342293801922560,1501342293801922560,1646782871000.0,2022-03-08 15:41:11,-0800,,Monero is great.I won't sell it unless XMR hit 10000ÔºÑ.,en,[],[],1362783638752956421,1362783638752956421,lxy521fjf,Êó•ÁêÜ‰∏áÈ∏°,2,15,https://twitter.com/lxy521fjf/status/1501342293801922560,[],[],0,,False,0,0,0,,Monero,,,,,,,[],,,,
24,1501342226470916098,1501342226470916098,1646782855000.0,2022-03-08 15:40:55,-0800,,"If only monero wasnt a gigantic pain to buy, own, and use",en,[],[],1455606721309777932,1455606721309777932,hehim0331,SWOLEHIM,2,15,https://twitter.com/hehim0331/status/1501342226470916098,[],[],0,,False,0,0,0,https://twitter.com/vikrantnyc/status/1501332751525502976,Monero,,,,,,,[],,,,
25,1501342138012946440,1501342138012946440,1646782833000.0,2022-03-08 15:40:33,-0800,,$xmr kills it with a 22.59% Gain!  Visuals üëâ  https://t.co/ll2q0iUxsd   #xmr $xmr #Monero #Bitcon #Crypto  https://t.co/XZ3Dczgmfh,en,"['xmr', 'monero', 'bitcon', 'crypto']","['xmr', 'xmr']",1432354363620663303,1432354363620663303,Nftgoingcrazy,CryptoPunks,2,15,https://twitter.com/Nftgoingcrazy/status/1501342138012946440,['https://www.Coinparticle.com/'],['https://pbs.twimg.com/media/FNXWt9TXEAEygor.jpg'],1,https://pbs.twimg.com/media/FNXWt9TXEAEygor.jpg,False,1,0,0,,Monero,,,,,,,[],,,,
26,1501342102038491144,1501342102038491144,1646782825000.0,2022-03-08 15:40:25,-0800,,Looks like the Russian oligarchs have discovered $XMR #Monero lol.,en,['monero'],['xmr'],614201848,614201848,atiklaman,Appy day,2,15,https://twitter.com/atiklaman/status/1501342102038491144,[],[],0,,False,1,1,0,,Monero,,,,,,,[],,,,
27,1501341987059998724,1501335547574247427,1646782797000.0,2022-03-08 15:39:57,-0800,,@CameronRuggles Imo monero isn't all there (on binance).,en,[],[],4378452620,4378452620,hohhle,hohhleüç•,2,15,https://twitter.com/hohhle/status/1501341987059998724,[],[],0,,False,0,1,0,,Monero,,,,,,,"[{'screen_name': 'CameronRuggles', 'name': 'Cameron Ruggles', 'id': '377844275'}]",,,,
28,1501341809682776067,1501341809682776067,1646782755000.0,2022-03-08 15:39:15,-0800,,If $XMR breaks this purple line of resistance then... üëÄ  #Monero  https://t.co/abEylU4GB7,en,['monero'],['xmr'],903872151618334725,903872151618334725,johnfoss69,John Foss,2,15,https://twitter.com/johnfoss69/status/1501341809682776067,[],['https://pbs.twimg.com/media/FNXWa0jUYAEnno-.jpg'],1,https://pbs.twimg.com/media/FNXWa0jUYAEnno-.jpg,False,6,2,0,,Monero,,,,,,,[],,,,
29,1501341802736939012,1501333236999360512,1646782754000.0,2022-03-08 15:39:14,-0800,,@rekodi_i ehhhhhhh....  you think someone has cracked monero ring signatures..... seems exceedingly doubtful.....   https://t.co/IPw2BSy9Bx,en,[],[],3038226137,3038226137,bryan_grace__,Bryan Grace,2,15,https://twitter.com/bryan_grace__/status/1501341802736939012,['https://www.getmonero.org/resources/moneropedia/ringsignatures.html'],[],0,,False,0,1,0,,Monero,,,,,,,"[{'screen_name': 'rekodi_i', 'name': 'rekodi', 'id': '1365654239196962816'}]",,,,
30,1501341583735545856,1501341583735545856,1646782701000.0,2022-03-08 15:38:21,-0800,,It's a nice day $XMR $Monero  https://t.co/dngLcEGQqL,en,[],"['xmr', 'monero']",2536448146,2536448146,Simon3842459,Simon,2,15,https://twitter.com/Simon3842459/status/1501341583735545856,[],['https://pbs.twimg.com/tweet_video_thumb/FNXWNXPVgAMTmRR.jpg'],1,https://pbs.twimg.com/tweet_video_thumb/FNXWNXPVgAMTmRR.jpg,False,0,1,0,,Monero,,,,,,,[],,,,
31,1501341533814988803,1501341533814988803,1646782689000.0,2022-03-08 15:38:09,-0800,,Withdraw all your #Monero from exchanges and into a wallet you control.  Mobile wallets:   https://t.co/xGwDbsUCgd @monerujo   https://t.co/kKa6ZgCKXi @MoneroCom   https://t.co/CYnRJp2YNv @cakewallet   Desktop:  https://t.co/9m23LGzNUv @featherwallet or  https://t.co/uRzllUzYjD,en,['monero'],[],1310605670522204161,1310605670522204161,DontTraceMeBruh,·¥ú…¥·¥õ Ä·¥Ä·¥Ñ·¥á·¥Ä ô ü·¥á,2,15,https://twitter.com/DontTraceMeBruh/status/1501341533814988803,"['http://monerujo.io', 'http://monero.com', 'http://cakewallet.com', 'http://featherwallet.org', 'http://getmonero.com/downloads']",[],0,,False,20,0,8,,Monero,,,,,,,[],,,,
32,1501341509303549953,1501341509303549953,1646782684000.0,2022-03-08 15:38:04,-0800,,#monero üëÄ  https://t.co/vqN24JHbgt,und,['monero'],[],1180127671298281472,1180127671298281472,tarunchandnanii,TazCrypto,2,15,https://twitter.com/tarunchandnanii/status/1501341509303549953,[],['https://pbs.twimg.com/media/FNXWJKzXMAQTCNK.jpg'],1,https://pbs.twimg.com/media/FNXWJKzXMAQTCNK.jpg,False,8,1,1,,Monero,,,,,,,[],,,,
33,1501341494262652931,1501076670769422341,1646782680000.0,2022-03-08 15:38:00,-0800,,@basche42 Ahem and capital. It doesn‚Äôt cost $32m to build a privacy focused blockchain. Ask Monero devs.,en,[],[],26437093,26437093,cyber_hokie,cyberhokie.eth,2,15,https://twitter.com/cyber_hokie/status/1501341494262652931,[],[],0,,False,0,0,0,,Monero,,,,,,,"[{'screen_name': 'basche42', 'name': 'basche42.eth', 'id': '865427900'}]",,,,
34,1501341475132432387,1501341475132432387,1646782675000.0,2022-03-08 15:37:55,-0800,,"Nie wiem czy siƒô interesujecie, ale kto≈õ grubo miesza w kursie Monero (XMR)  https://t.co/C0YID9iLJr",pl,[],[],217579310,217579310,griszagen,Grzegorz W,2,15,https://twitter.com/griszagen/status/1501341475132432387,[],['https://pbs.twimg.com/media/FNXWGsDXwAMlGEk.png'],1,https://pbs.twimg.com/media/FNXWGsDXwAMlGEk.png,False,1,0,0,,Monero,,,,,,,[],,,,
35,1501341363798896644,1501335909014376457,1646782649000.0,2022-03-08 15:37:29,-0800,,"@FredWick7 @ThinkingUSD aside from ... being private, in may, monero's tail emission kicks in",en,[],[],1459889940251262976,1459889940251262976,allaboutvol,vol,2,15,https://twitter.com/allaboutvol/status/1501341363798896644,[],[],0,,False,1,0,0,,Monero,,,,,,,"[{'screen_name': 'FredWick7', 'name': 'Fred Wick', 'id': '1090130425417224192'}, {'screen_name': 'ThinkingUSD', 'name': 'Flood', 'id': '809191427645181952'}]",,,,
36,1501341312737439745,1501336780024463363,1646782637000.0,2022-03-08 15:37:17,-0800,,@Phil_RX Je t'avoue que j'en ai pas et √ßa me tarode. Y'a t'il un wallet monero pour ne pas subir ces probables dilisting?,fr,[],[],1380451487923453952,1380451487923453952,GabTouraine,Gab TOURAINE,2,15,https://twitter.com/GabTouraine/status/1501341312737439745,[],[],0,,False,0,0,0,,Monero,,,,,,,"[{'screen_name': 'Phil_RX', 'name': 'Phil_RX', 'id': '2841868486'}]",,,,
37,1501341279837433860,1501341279837433860,1646782629000.0,2022-03-08 15:37:09,-0800,,Why are you surprised? #Monero is everything #BTC desires to be.    Get with it already.  #ARRR and #XMR are highly undervalued!!!,en,"['monero', 'btc', 'arrr', 'xmr']",[],2431546777,2431546777,vamosvigilante,Rafael LaVerde üêâ,2,15,https://twitter.com/vamosvigilante/status/1501341279837433860,[],[],0,,False,14,0,1,,Monero,,,,,,,[],,,,
38,1501341273491484681,1501330814625357825,1646782627000.0,2022-03-08 15:37:07,-0800,,@crypticBTC @TheCryptoDog This is so misleading. Infinite max supply? No atomic swaps? Lol. #monero #privacy,en,"['monero', 'privacy']",[],1315001763859247105,1315001763859247105,tony_huszar,Tony Huszar,2,15,https://twitter.com/tony_huszar/status/1501341273491484681,[],[],0,,False,1,0,0,,Monero,,,,,,,"[{'screen_name': 'crypticBTC', 'name': 'Meta XVG $.50', 'id': '1360724456'}, {'screen_name': 'TheCryptoDog', 'name': 'The Crypto Dogüìà', 'id': '887748030304329728'}]",,,,
39,1501341243913162756,1501341243913162756,1646782620000.0,2022-03-08 15:37:00,-0800,,Someone just bought some #Monero $XMR!  https://t.co/rGRJD7iL4x,en,['monero'],['xmr'],23935538,23935538,McKibbinUSA,Dr William McKibbin,2,15,https://twitter.com/McKibbinUSA/status/1501341243913162756,[],['https://pbs.twimg.com/media/FNXV58QXoAM5Dqm.jpg'],1,https://pbs.twimg.com/media/FNXV58QXoAM5Dqm.jpg,False,3,1,0,,Monero,,,,,,,[],,,,
40,1501341228075413504,1500410856802336776,1646782617000.0,2022-03-08 15:36:57,-0800,,"@abornyakov @TrasherDK @DontTraceMeBruh @monero get other official accounts 2 tweet this. build a ""web of trust"". so far twitter is just one link in the web.   https://t.co/CuR4HLSNCi respectfully, this is crypto 101.",en,[],[],1354474100358598661,1354474100358598661,FUCKTWA79179293,HGTP:// Stranger Rangerüß™üë®‚Äçüî¨‚öó,2,15,https://twitter.com/FUCKTWA79179293/status/1501341228075413504,['https://en.m.wikipedia.org/wiki/Web_of_trust'],[],0,,False,0,0,0,,Monero,,,,,,,"[{'screen_name': 'abornyakov', 'name': 'Alex Bornyakov', 'id': '239834301'}, {'screen_name': 'TrasherDK', 'name': 'TrasherDK', 'id': '964740469002526720'}, {'screen_name': 'DontTraceMeBruh', 'name': '·¥ú…¥·¥õ Ä·¥Ä·¥Ñ·¥á·¥Ä ô ü·¥á', 'id': '1310605670522204161'}, {'screen_name': 'monero', 'name': 'Monero || #xmr', 'id': '2478439963'}]",,,,
41,1501341146605395970,1501201520972414989,1646782597000.0,2022-03-08 15:36:37,-0800,,"@fernandezpablo Intercambiar Bloq May√∫s por ESC. De nada, acepto Monero.",es,[],[],1252263265561870337,1252263265561870337,Xilorgano,R(Œª){ },2,15,https://twitter.com/Xilorgano/status/1501341146605395970,[],[],0,,False,0,0,0,,Monero,,,,,,,"[{'screen_name': 'fernandezpablo', 'name': 'Pablo', 'id': '14654522'}]",,,,
42,1501341003457994759,1501341003457994759,1646782563000.0,2022-03-08 15:36:03,-0800,,"Gizlilik tabanlƒ± kripto para birimleri (Privacy Coins); transfer i≈ülemlerinin izlenemediƒüi, muhataplarƒ±n kimlik bilgilerinin payla≈üƒ±lmadƒ±ƒüƒ± ve kullanƒ±cƒ±lara anonimlik saƒülayan dijital deƒüer varlƒ±klarƒ±dƒ±r.En bilinen gizlilik coinleri:Monero (#XMR), Zcash (#ZEC), Verge (#XVG), #Zen",tr,"['xmr', 'zec', 'xvg', 'zen']",[],207425316,207425316,Crypto_G__,Crypto G,2,15,https://twitter.com/Crypto_G__/status/1501341003457994759,[],[],0,,False,8,0,1,,Monero,,,,,,,[],,,,
43,1501340923116072962,1501340671386570754,1646782544000.0,2022-03-08 15:35:44,-0800,,@eliz883 Monero best investment for the future king,en,[],[],253997152,253997152,xtugkan,tugkan,2,15,https://twitter.com/xtugkan/status/1501340923116072962,[],[],0,,False,1,1,0,,Monero,,,,,,,"[{'screen_name': 'eliz883', 'name': 'EliZ¬• üéØ‚úçÔ∏è', 'id': '993962483332329472'}]",,,,
44,1501340898113646595,1501340898113646595,1646782538000.0,2022-03-08 15:35:38,-0800,,Privacy coin #Monero ( $XMR) is up 22%.   It‚Äôs no longer fringe thought to believe @IOHK_Charles fraud and $ADA is a scam.   #Bitcoin is consolidating in spite of looming regulation and a Biden executive order.   All good for the most part.,en,"['monero', 'bitcoin']","['xmr', 'ada']",1485083611032276992,1485083611032276992,Ted_Bowser,Ted Bowser üá®üá¶,2,15,https://twitter.com/Ted_Bowser/status/1501340898113646595,[],[],0,,False,1,1,0,,Monero,,,,,,,[],,,,
45,1501340687794688000,1501340687794688000,1646782488000.0,2022-03-08 15:34:48,-0800,,@ChobanianMike @abornyakov Could you provide the Monero view key that is associated with the Ukraine public donation address? Would like to see how much is being donated in real time. The view key only reveals incoming amounts and does not reveal sender / outgoing transactions.,en,[],[],1470235957098123264,1470235957098123264,Ra_S0L,"Ra (üê∂,üê∂)",2,15,https://twitter.com/Ra_S0L/status/1501340687794688000,[],[],0,,False,0,0,0,,Monero,,,,,,,[],,,,
46,1501340470215012353,1500881025542635523,1646782436000.0,2022-03-08 15:33:56,-0800,,"@Lewified @ODELL @monero_sith Nope, unfortunately it doesn't -- the exchange knows all the destination addresses you withdraw to, a PayNym is really most useful for publicly shared receipt of funds, like donations etc.  Doesn't give any privacy benefit when used to withdraw from a KYC exchange.",en,[],[],291490266,291490266,sethforprivacy,Seth For Privacy,2,15,https://twitter.com/sethforprivacy/status/1501340470215012353,[],[],0,,False,0,1,0,,Monero,,,,,,,"[{'screen_name': 'Lewified', 'name': 'Ben', 'id': '1364451271'}, {'screen_name': 'ODELL', 'name': 'ODELL', 'id': '47966112'}, {'screen_name': 'monero_sith', 'name': 'Bane (üá∑üá∫, üáµüá∏)', 'id': '1423751568'}]",,,,
47,1501340252853600260,1501340252853600260,1646782384000.0,2022-03-08 15:33:04,-0800,,#PrivacySeason @monero @HavenXHV $xmr $xhv,da,['privacyseason'],"['xmr', 'xhv']",1128027724621082626,1128027724621082626,TR10115,"xCLAnt Que Sera, Sera",2,15,https://twitter.com/TR10115/status/1501340252853600260,[],[],0,,False,2,0,0,,Monero,,,,,,,[],,,,
48,1501340085874085889,1501338927130624001,1646782344000.0,2022-03-08 15:32:24,-0800,,@WhaleGecko Monero would like a word,en,[],[],987661214,987661214,aamperiodsol,aam.sol‚ùÑÔ∏èüçë,2,15,https://twitter.com/aamperiodsol/status/1501340085874085889,[],[],0,,False,0,0,0,,Monero,,,,,,,"[{'screen_name': 'WhaleGecko', 'name': 'Whale.Mr', 'id': '1441437125329793024'}]",,,,
49,1501340037425758209,1501339687901880326,1646782333000.0,2022-03-08 15:32:13,-0800,,@davidgokhshtein Buying Monero or Zcash,tl,[],[],68699403,68699403,Brew_Tommy1,Brewing.One,2,15,https://twitter.com/Brew_Tommy1/status/1501340037425758209,[],[],0,,False,0,0,0,,Monero,,,,,,,"[{'screen_name': 'davidgokhshtein', 'name': 'David Gokhshtein', 'id': '170049408'}]",,,,
50,1501340007235141633,1501340007235141633,1646782325000.0,2022-03-08 15:32:05,-0800,,Bitcoin„ÄÅLitecoin„ÄÅMonero„ÄÅDASH„Å™„Å©„ÇíÂÆåÂÖ®ÂåøÂêç„ÅßÁèæÈáë„ÅßÂÄã‰∫∫Èñì„ÅßÁ∞°Âçò„Å´ÂØæÈù¢Â£≤Ë≤∑„Åô„Çã„Åì„Å®„Åå„Åß„Åç„Çã„Çµ„Ç§„Éà„ÄÅbtc-trade-p2p„ÅÆÈÅãÂñ∂„Çí„Åó„Å¶„Åä„Çä„Åæ„Åô„ÄÇ #ÊöóÂè∑ÈÄöË≤®„ÄÄ#„Éì„ÉÉ„Éà„Ç≥„Ç§„É≥„ÄÄ#bitcoin„ÄÄ#BTC   https://t.co/f34lHggOFI,ja,"['ÊöóÂè∑ÈÄöË≤®', '„Éì„ÉÉ„Éà„Ç≥„Ç§„É≥', 'bitcoin', 'btc']",[],4674271638,4674271638,btctradep2p,btc-trade-p2p,2,15,https://twitter.com/btctradep2p/status/1501340007235141633,['http://btctrade.web.fc2.com'],[],0,,False,0,0,0,,Monero,,,,,,,[],,,,
51,1501339828423700482,1501339828423700482,1646782283000.0,2022-03-08 15:31:23,-0800,,"$XMR to $9,000+ this year #Monero  https://t.co/d9CGF6TKfa",en,['monero'],['xmr'],1105166169474924545,1105166169474924545,MoneroMoon,Monero,2,15,https://twitter.com/MoneroMoon/status/1501339828423700482,[],['https://pbs.twimg.com/media/FNXUnb1VUAQ8CJm.jpg'],1,https://pbs.twimg.com/media/FNXUnb1VUAQ8CJm.jpg,False,6,0,1,,Monero,,,,,,,[],,,,
52,1501339789764677635,1501325869456912386,1646782274000.0,2022-03-08 15:31:14,-0800,,@RhythmicAnalyst don't worry @cz_binance will suspend withdrawals soon #monero #xmr,en,"['monero', 'xmr']",[],47517055,47517055,tallhatdoug,Doug Dimmadome,2,15,https://twitter.com/tallhatdoug/status/1501339789764677635,[],[],0,,False,1,1,0,,Monero,,,,,,,"[{'screen_name': 'RhythmicAnalyst', 'name': 'Mihir', 'id': '1000114829645041664'}]",,,,
53,1501339786535002112,1501339786535002112,1646782273000.0,2022-03-08 15:31:13,-0800,,"Girl, not #Monero tryna pump...",en,['monero'],[],43434620,43434620,KAPNKRUNCH2010,Daughter of Odin | Goddess of Destruction,2,15,https://twitter.com/KAPNKRUNCH2010/status/1501339786535002112,[],[],0,,False,0,1,0,,Monero,,,,,,,[],,,,
54,1501339705811558405,1501339705811558405,1646782254000.0,2022-03-08 15:30:54,-0800,,#Monero bull run?,en,['monero'],[],131830370,131830370,Miss_Levy_,Yahley D Levy,2,15,https://twitter.com/Miss_Levy_/status/1501339705811558405,[],[],0,,False,0,0,0,,Monero,,,,,,,[],,,,
55,1501339588735942658,1501339588735942658,1646782226000.0,2022-03-08 15:30:26,-0800,,"Cuando el monero de La Jornada, luchador pol√≠tico de la izquierda de toda la vida y encargado de la formaci√≥n pol√≠tica de Morena tiene opiniones id√©nticas a las de tu t√≠o panista que odia a las ""feminazis"" hay que preocuparse y mucho.",es,[],[],973091329025622017,973091329025622017,PaezAlex86,üè≥Ô∏è‚Äçüåàüåπ Alex P√°ez üè≥Ô∏è‚Äçüåàüåπ,2,15,https://twitter.com/PaezAlex86/status/1501339588735942658,[],[],0,,False,2,0,0,https://twitter.com/lajornadaonline/status/1501241342050979843,Monero,,,,,,,[],,,,
56,1501339542091091968,1499018271768645634,1646782215000.0,2022-03-08 15:30:15,-0800,,@KnowledgeEmpire @lionova45 Guess it's happening now :) #Monero #XMR,en,"['monero', 'xmr']",[],171566200,171566200,KnowledgeEmpire,(∆é û)¬¨H û,2,15,https://twitter.com/KnowledgeEmpire/status/1501339542091091968,[],[],0,,False,0,0,0,,Monero,,,,,,,"[{'screen_name': 'KnowledgeEmpire', 'name': '(∆é û)¬¨H û', 'id': '171566200'}, {'screen_name': 'lionova45', 'name': 'Lina Monero', 'id': '3392013539'}]",,,,
57,1501339393075945473,1501339393075945473,1646782179000.0,2022-03-08 15:29:39,-0800,,Is #XMR Monero still a privacy coin or is it too old now?  Asking for a Russian  J/k üòÇ,en,['xmr'],[],1377401363668291585,1377401363668291585,CovidClownWorld,Critical Rage Theory ‚öîÔ∏èüë®‚Äç‚öñÔ∏è‚öñÔ∏è‚åõÔ∏è‚öîÔ∏è,2,15,https://twitter.com/CovidClownWorld/status/1501339393075945473,[],[],0,,False,0,1,0,,Monero,,,,,,,[],,,,
58,1501339370292453378,1501339370292453378,1646782174000.0,2022-03-08 15:29:34,-0800,,#monero $xmr is cheap. grab some.,en,['monero'],['xmr'],1437733626892931079,1437733626892931079,nano_bait,Nano Byte ”æ,2,15,https://twitter.com/nano_bait/status/1501339370292453378,[],[],0,,False,1,1,0,,Monero,,,,,,,[],,,,
59,1501339363296354305,1501339363296354305,1646782172000.0,2022-03-08 15:29:32,-0800,,"monero, zcash, rose, beam; all sending, privacycoin rotation?",en,[],[],774076870639968257,774076870639968257,trilldao,banality,2,15,https://twitter.com/trilldao/status/1501339363296354305,[],[],0,,False,0,0,0,,Monero,,,,,,,[],,,,
60,1501339340584243203,1501335692009369610,1646782166000.0,2022-03-08 15:29:26,-0800,,@carol_monero uma flor‚Ä¶ üåπ,pt,[],[],1209118787737391298,1209118787737391298,_berinjela_,zabel,2,15,https://twitter.com/_berinjela_/status/1501339340584243203,[],[],0,,False,0,1,0,,Monero,,,,,,,"[{'screen_name': 'carol_monero', 'name': 'carolzinha', 'id': '847921241151471617'}]",,,,
61,1501339103186468865,1501339005442564099,1646782110000.0,2022-03-08 15:28:30,-0800,,hakkƒ±nda bir rapor olu≈üturulacak.  Bu haberlere tepki olarak gizlilik tokenlarƒ± olan #Monero ve #ZCash gibi kripto paralar y√ºkseli≈üe ge√ßti.,tr,"['monero', 'zcash']",[],1490661620326014981,1490661620326014981,Ninjanewscrypto,Ninjanews,2,15,https://twitter.com/Ninjanewscrypto/status/1501339103186468865,[],[],0,,False,0,0,0,,Monero,,,,,,,[],,,,
62,1501339079920664577,1501339024337874946,1646782104000.0,2022-03-08 15:28:24,-0800,,@1biLLiondoLLarz @monero üôè,und,[],[],1429091643949346831,1429091643949346831,altcoineddie,Eddie Morra,2,15,https://twitter.com/altcoineddie/status/1501339079920664577,[],[],0,,False,1,0,0,,Monero,,,,,,,"[{'screen_name': '1biLLiondoLLarz', 'name': 'Sir Bud Fox üî•', 'id': '1337333132073324544'}, {'screen_name': 'monero', 'name': 'Monero || #xmr', 'id': '2478439963'}]",,,,
63,1501339069841756163,1501339069841756163,1646782102000.0,2022-03-08 15:28:22,-0800,,Theory: Russia is buying @monero ü§î,en,[],[],919026622019358722,919026622019358722,d3v1neth,d3v1n.eth,2,15,https://twitter.com/d3v1neth/status/1501339069841756163,[],[],0,,False,0,0,0,,Monero,,,,,,,[],,,,
64,1501339024337874946,1501339024337874946,1646782091000.0,2022-03-08 15:28:11,-0800,,$XMR W  And so it begins! Who would‚Äôve thought that 2022 would be the year of oppressive ‚Äúdemocratic‚Äù governments and ‚Äúworld wars‚Äù.  Privacy is the new hype narrative and #Monero is an oligarchs lifeboat. Follow the smart money.  https://t.co/WU4Gcs9VZD,en,['monero'],['xmr'],1337333132073324544,1337333132073324544,1biLLiondoLLarz,Sir Bud Fox üî•,2,15,https://twitter.com/1biLLiondoLLarz/status/1501339024337874946,[],['https://pbs.twimg.com/media/FNXT4dCUcAQRIbs.jpg'],1,https://pbs.twimg.com/media/FNXT4dCUcAQRIbs.jpg,False,8,1,2,https://twitter.com/1billiondollarz/status/1481538658041749509,Monero,,,,,,,[],,,,
65,1501338989277716484,1501338989277716484,1646782083000.0,2022-03-08 15:28:03,-0800,,$XMR Monero     https://t.co/3N0tiw6f8T  https://t.co/W1hmgNINYJ,tl,[],['xmr'],1464382392223866884,1464382392223866884,AlertingCryptos,Cryptos Alerting,2,15,https://twitter.com/AlertingCryptos/status/1501338989277716484,['http://www.cryptosalerting.com/group-rule/634cef4c-2a80-45e3-a196-1247dd22481d'],['https://pbs.twimg.com/media/FNXT2soXwAsVQWP.png'],1,https://pbs.twimg.com/media/FNXT2soXwAsVQWP.png,False,0,0,0,,Monero,,,,,,,[],,,,
66,1501338942276128773,1501338942276128773,1646782072000.0,2022-03-08 15:27:52,-0800,,Privacy coins @monero #XMR and @zcash #Zcash are up 15% today.  While @litecoin is up 1%.  üëÄ on #mweb   Let's see what happens to the price when #MimbleWimble extension blocks activate for #LTC enabling private transactions.  #cryptocurrency #altcoinseason,en,"['xmr', 'zcash', 'mweb', 'mimblewimble', 'ltc', 'cryptocurrency', 'altcoinseason']",[],1416245712,1416245712,CoinWarz,CoinWarz,2,15,https://twitter.com/CoinWarz/status/1501338942276128773,[],[],0,,False,1,0,0,,Monero,,,,,,,[],,,,
67,1501338669080367107,1501338669080367107,1646782006000.0,2022-03-08 15:26:46,-0800,,"Privacy coins are mooning, lets talk about why they are the foundational layer of a future in Web3‚Ä¶ $ZEC #Zcash $XMR #Monero  Join me in my Space!  https://t.co/ACMiY84RO2",en,"['zcash', 'monero']","['zec', 'xmr']",1365654239196962816,1365654239196962816,rekodi_i,rekodi,2,15,https://twitter.com/rekodi_i/status/1501338669080367107,['https://twitter.com/i/spaces/1mnxedWdkePJX'],[],0,,False,7,0,2,,Monero,,,,,,,[],,,,
68,1501338629376983041,1501338629376983041,1646781997000.0,2022-03-08 15:26:37,-0800,,"#Monero will not only melt faces with its price action!  It will also melt tyranny, oppression and authoritarianism  with its sound money features!  LETS FKNIG GO!!!",en,['monero'],[],2197294700,2197294700,Monero_Waifu,Monero Waifu,2,15,https://twitter.com/Monero_Waifu/status/1501338629376983041,[],[],0,,False,6,0,1,,Monero,,,,,,,[],,,,
69,1501338498929987592,1501338498929987592,1646781966000.0,2022-03-08 15:26:06,-0800,,"i know someone fat fingered monero just now, but also doesn't the current state of the world seem easily the best use case to date for privacy coins?",en,[],[],2943036746,2943036746,AaronLoooo,Aaron üá∫üá¶,2,15,https://twitter.com/AaronLoooo/status/1501338498929987592,[],[],0,,False,3,0,0,,Monero,,,,,,,[],,,,
70,1501338445335212035,1501338445335212035,1646781953000.0,2022-03-08 15:25:53,-0800,,"What i hear all of a sudden monero this and that, its the privacy narrative all of a sudden",en,[],[],945034883994439681,945034883994439681,CryptoRunner2,XBT Jacko,2,15,https://twitter.com/CryptoRunner2/status/1501338445335212035,[],[],0,,False,1,0,0,,Monero,,,,,,,[],,,,
71,1501338420865474566,1501338420865474566,1646781947000.0,2022-03-08 15:25:47,-0800,,Monero arrastrado. Todo porque su jefe le dice qu√© debe criticar,es,[],[],71095690,71095690,Persefonea,do√±a simple,2,15,https://twitter.com/Persefonea/status/1501338420865474566,[],[],0,,False,0,0,0,https://twitter.com/lajornadaonline/status/1501241342050979843,Monero,,,,,,,[],,,,
72,1501338329106636801,1501338329106636801,1646781925000.0,2022-03-08 15:25:25,-0800,,The privacy wave has started üëÄ  $XMR and $ZEC üî•üî•   4 digits very soon #Zcash #Monero,en,"['zcash', 'monero']","['xmr', 'zec']",969135500,969135500,crypto_goat_,CryptoCurrency üåé,2,15,https://twitter.com/crypto_goat_/status/1501338329106636801,[],[],0,,False,16,3,2,,Monero,,,,,,,[],,,,
73,1501338313986232323,1501338313986232323,1646781922000.0,2022-03-08 15:25:22,-0800,,$monero und $zec sind die heutigen Krypto-Gewinner unter den Top 100! Privatsph√§re ist gefragt im Finanzsektor! Das sollte aktuell niemanden verwundern ;-) #krypto #monera #zcash #xmr,de,"['krypto', 'monera', 'zcash', 'xmr']","['monero', 'zec']",1329072040184225792,1329072040184225792,RV_Investor,Real Values Society,2,15,https://twitter.com/RV_Investor/status/1501338313986232323,[],[],0,,False,0,0,0,,Monero,,,,,,,[],,,,
74,1501338269216247808,1501338269216247808,1646781911000.0,2022-03-08 15:25:11,-0800,,üö®New Trending Coin on CoinGecko: @monero (24 change: 22.21%). üåê  https://t.co/KFRBimNII4 üìàOther trending coins: $FTM $IMX $ANC $PETS $BNB $XMR $JEWEL,en,[],"['ftm', 'imx', 'anc', 'pets', 'bnb', 'xmr', 'jewel']",1330540886619467778,1330540886619467778,alertstothemoon,CoinGecko Trending Search ALERTs,2,15,https://twitter.com/alertstothemoon/status/1501338269216247808,['https://getmonero.org'],[],0,,False,0,0,0,,Monero,,,,,,,[],,,,
75,1501338251390562304,1501338251390562304,1646781907000.0,2022-03-08 15:25:07,-0800,,#xmr  This is not #nickel this is not shitcoin nor #btc  THIS IS #MONERO #xmr. Up by 26% on a Daily TF  Is this a sign for #altseason???  https://t.co/d30hXVbgz6,en,"['xmr', 'nickel', 'btc', 'monero', 'xmr', 'altseason']",[],1454460674432700417,1454460674432700417,DeBenny0,DeBenny,2,15,https://twitter.com/DeBenny0/status/1501338251390562304,[],['https://pbs.twimg.com/media/FNXTLUFXIAYWRQJ.jpg'],1,https://pbs.twimg.com/media/FNXTLUFXIAYWRQJ.jpg,False,3,0,1,,Monero,,,,,,,[],,,,
76,1501338242175717376,1501338242175717376,1646781905000.0,2022-03-08 15:25:05,-0800,,Here‚Äôs the retest for monero $xmr  https://t.co/7OszDY5mCK,en,[],['xmr'],1104052695378391040,1104052695378391040,racer_927,Racer927,2,15,https://twitter.com/racer_927/status/1501338242175717376,[],['https://pbs.twimg.com/media/FNXTLCWVcAAHa4o.jpg'],1,https://pbs.twimg.com/media/FNXTLCWVcAAHa4o.jpg,False,0,0,0,,Monero,,,,,,,[],,,,
77,1501338219794907138,1501338219794907138,1646781899000.0,2022-03-08 15:24:59,-0800,,I can feel it coming in the air tonight..... üòò #monero #XMR  https://t.co/3bsIvPdLt9,en,"['monero', 'xmr']",[],50762451,50762451,carlmikel,"Super Saiyan Carl (3,3)",2,15,https://twitter.com/carlmikel/status/1501338219794907138,[],['https://pbs.twimg.com/media/FNXTJodWQAQDbEn.jpg'],1,https://pbs.twimg.com/media/FNXTJodWQAQDbEn.jpg,False,3,0,0,,Monero,,,,,,,[],,,,
78,1501338182939385857,1501335547574247427,1646781890000.0,2022-03-08 15:24:50,-0800,,"@AdLunam9 Probably more intense KYC with liabilities, which in turn makes Monero more desirable. Doubt they will outlaw it just yet.",en,[],[],377844275,377844275,CameronRuggles,Cameron Ruggles,2,15,https://twitter.com/CameronRuggles/status/1501338182939385857,[],[],0,,False,1,1,0,,Monero,,,,,,,"[{'screen_name': 'AdLunam9', 'name': 'AdLuna…±', 'id': '779351080228442112'}]",,,,
79,1501337873953349635,1501337873953349635,1646781817000.0,2022-03-08 15:23:37,-0800,,STILL. CHEAP. #monero #xmr  https://t.co/i7T0guRLft,en,"['monero', 'xmr']",[],47517055,47517055,tallhatdoug,Doug Dimmadome,2,15,https://twitter.com/tallhatdoug/status/1501337873953349635,[],['https://pbs.twimg.com/media/FNXSzEmWQAEtJU_.png'],1,https://pbs.twimg.com/media/FNXSzEmWQAEtJU_.png,False,1,0,0,,Monero,,,,,,,[],,,,
80,1501337868463075337,1501337868463075337,1646781816000.0,2022-03-08 15:23:36,-0800,,Monero / zcash are tremendous beneficiaries of the current sanction environment  Both seem like excellent set ups  900k XMR order got filled on FTX a few hours ago,en,[],[],1474749306443870215,1474749306443870215,0xHamz,0xHamZ,2,15,https://twitter.com/0xHamz/status/1501337868463075337,[],[],0,,False,8,0,1,https://twitter.com/Crypto_McKenna/status/1501217309960163330,Monero,,,,,,,[],,,,
81,1501337816793419777,1501337816793419777,1646781803000.0,2022-03-08 15:23:23,-0800,,$XMR #Monero just hit the crack pipe  https://t.co/1quwFJ6VXs,en,['monero'],['xmr'],14797042,14797042,cryptobuzznews,Crypto‚Çøuzz.eth,2,15,https://twitter.com/cryptobuzznews/status/1501337816793419777,[],['https://pbs.twimg.com/media/FNXSyZCVkAIxA4N.jpg'],1,https://pbs.twimg.com/media/FNXSyZCVkAIxA4N.jpg,False,29,3,5,,Monero,,,,,,,[],,,,
82,1501337746564161541,1500995365050662912,1646781786000.0,2022-03-08 15:23:06,-0800,,@Monero_BTC #STOS,und,['stos'],[],1433304431244754947,1433304431244754947,danielpardos11,daniel pardos,2,15,https://twitter.com/danielpardos11/status/1501337746564161541,[],[],0,,False,0,0,0,,Monero,,,,,,,"[{'screen_name': 'Monero_BTC', 'name': 'Monero Nomadüî∫', 'id': '1383105549273690121'}]",,,,
83,1501337725609332739,1501337725609332739,1646781781000.0,2022-03-08 15:23:01,-0800,,"Monero #STONKS üìà  #XMR #Monero  $XMR moved up by 23% in last 24 hours, with current price $194.51  Market Cap: $3,498,874,033 24h Volume: $245,697,659",en,"['stonks', 'xmr', 'monero']",['xmr'],1390005492794134532,1390005492794134532,CryptoStonksBot,CryptoStonksBot üìà,2,15,https://twitter.com/CryptoStonksBot/status/1501337725609332739,[],[],0,,False,1,0,0,,Monero,,,,,,,[],,,,
84,1501337686837055491,1501337686837055491,1646781772000.0,2022-03-08 15:22:52,-0800,, https://t.co/Icy1ppB25F Excellent video  You can buy monero via @cakewallet #Monero #XMR #BTC #crypto,en,"['monero', 'xmr', 'btc', 'crypto']",[],377844275,377844275,CameronRuggles,Cameron Ruggles,2,15,https://twitter.com/CameronRuggles/status/1501337686837055491,['https://youtu.be/Lvtc45GsOIs'],[],0,,False,2,1,0,,Monero,,,,,,,[],,,,
85,1501337577705541633,1501329900573126657,1646781746000.0,2022-03-08 15:22:26,-0800,,@Hayess5178 @monero @zcash You‚Äôre from future boss!,en,[],[],1210741072453701633,1210741072453701633,SuperLu2017,Lll2017,2,15,https://twitter.com/SuperLu2017/status/1501337577705541633,[],[],0,,False,0,0,0,,Monero,,,,,,,"[{'screen_name': 'Hayess5178', 'name': 'Simon Hayes', 'id': '137141050'}, {'screen_name': 'monero', 'name': 'Monero || #xmr', 'id': '2478439963'}, {'screen_name': 'zcash', 'name': 'Zcash üõ°Ô∏è', 'id': '936138944080678912'}]",,,,
86,1501337447900319745,1501337447900319745,1646781715000.0,2022-03-08 15:21:55,-0800,,I do find monero to be a good indicator of what Bitcoin will do. Idk why.,en,[],[],1311422491655647232,1311422491655647232,TheThirdHit,Transforming Machine Elf,2,15,https://twitter.com/TheThirdHit/status/1501337447900319745,[],[],0,,False,0,0,0,,Monero,,,,,,,[],,,,
87,1501337442304942081,1501326866317254656,1646781714000.0,2022-03-08 15:21:54,-0800,,@bennybitcoins Monero is blowing the doors off of this take.. Decred next,en,[],[],1333658185819967488,1333658185819967488,emaad_is,htown.xpr ‚öõÔ∏è ü¶¨ü§ò,2,15,https://twitter.com/emaad_is/status/1501337442304942081,[],[],0,,False,0,1,0,,Monero,,,,,,,"[{'screen_name': 'bennybitcoins', 'name': 'Compostability Ben ‚ôªÔ∏è', 'id': '919284850602991616'}]",,,,
88,1501337433266286594,1501337433266286594,1646781712000.0,2022-03-08 15:21:52,-0800,,"PRIVACY COINS, Privacy Coins, get your freaking privacy coins now so you can put your future savings in stress free....  PRIVACY COINS, Privacy Coins... #monero $xmr",en,['monero'],['xmr'],40373391,40373391,eccaro,eccaro (.tez) (.eth),2,15,https://twitter.com/eccaro/status/1501337433266286594,[],[],0,,False,2,1,0,,Monero,,,,,,,[],,,,
89,1501337245151739907,1499822754211708929,1646781667000.0,2022-03-08 15:21:07,-0800,,@CryptoRevoltFR Tt √† fais d'accord ü§ê ils essaierons de bannir les privacy coins ( dont monero ) sans parler des mixage de coins  Ce que je crains d'avantage c'est un contr√¥le/surveillance ou interdiction des colds wallets üòµ,fr,[],[],1371230740147544065,1371230740147544065,lalugold,Lalugold,2,15,https://twitter.com/lalugold/status/1501337245151739907,[],[],0,,False,0,1,0,,Monero,,,,,,,"[{'screen_name': 'CryptoRevoltFR', 'name': 'Crypto R√©volution üá´üá∑', 'id': '989175082961506305'}]",,,,
90,1501337216743792642,1501312232927473671,1646781660000.0,2022-03-08 15:21:00,-0800,,@frustrationsla1 @Spudstar1 @Investingcom Monero,es,[],[],1208917789685305345,1208917789685305345,thelordcory,Lord Cory,2,15,https://twitter.com/thelordcory/status/1501337216743792642,[],[],0,,False,0,0,0,,Monero,,,,,,,"[{'screen_name': 'frustrationsla1', 'name': 'frustrationslayer521', 'id': '1369806959801688066'}, {'screen_name': 'Spudstar1', 'name': 'Max', 'id': '1360701861955842053'}, {'screen_name': 'Investingcom', 'name': 'Investing.com', 'id': '988955288'}]",,,,
91,1501337180534419459,1501337180534419459,1646781651000.0,2022-03-08 15:20:51,-0800,,"Cardano (#ADA): R$ 4,04 | U$ 0,798614 | U$ 24hrs: -0,27%  Dogecoin (#DOGE): R$ 0,590656 | U$ 0,116726 | U$ 24hrs: -0,47%  Ethereum (#ETH): R$ 13.038,36 | U$ 2.576,65 | U$ 24hrs: +3,06%  Monero (#XMR): R$ 978,73 | U$ 193,42 | U$ 24hrs: +22,29%",und,"['ada', 'doge', 'eth', 'xmr']",[],1345394477343633413,1345394477343633413,precoaltcoins,pre√ßo das altcoins ü§ñ,2,15,https://twitter.com/precoaltcoins/status/1501337180534419459,[],[],0,,False,0,1,0,,Monero,,,,,,,[],,,,
92,1501337178823008257,1501337178823008257,1646781651000.0,2022-03-08 15:20:51,-0800,,Privacy coins are blowing up and $XFT is the best. @OffshiftXFT is $XMR #Monero on steroids with wayyy more potential upside üöÄüöÄ,en,['monero'],"['xft', 'xmr']",1234856188858126336,1234856188858126336,CrypFirm,CrypFirm | $XFT $1000,2,15,https://twitter.com/CrypFirm/status/1501337178823008257,[],[],0,,False,6,0,1,https://twitter.com/crypfirm/status/1494388115510685696,Monero,,,,,,,[],,,,
93,1501337101966712839,1501337101966712839,1646781633000.0,2022-03-08 15:20:33,-0800,,Monero the only choice for Oligarchs.,en,[],[],1340716823923318787,1340716823923318787,ThiccTubz250GTO,Turbo Espresso ‚òïÔ∏è,2,15,https://twitter.com/ThiccTubz250GTO/status/1501337101966712839,[],[],0,,False,0,0,0,,Monero,,,,,,,[],,,,
94,1501337084107403274,1500881025542635523,1646781629000.0,2022-03-08 15:20:29,-0800,,@sethforprivacy @ODELL @monero_sith It blocks the exchange/blockchain analysts from tracking your Bitcoin after that...,en,[],[],1364451271,1364451271,Lewified,Ben,2,15,https://twitter.com/Lewified/status/1501337084107403274,[],[],0,,False,0,1,0,,Monero,,,,,,,"[{'screen_name': 'sethforprivacy', 'name': 'Seth For Privacy', 'id': '291490266'}, {'screen_name': 'ODELL', 'name': 'ODELL', 'id': '47966112'}, {'screen_name': 'monero_sith', 'name': 'Bane (üá∑üá∫, üáµüá∏)', 'id': '1423751568'}]",,,,
95,1501337073588051970,1501336535031070725,1646781626000.0,2022-03-08 15:20:26,-0800,,@CikanCoin Monero 155 girmisdim mk erkenden ciktim kirilma tam emin olamadim kas bekleyeydim,tr,[],[],1475602642013495301,1475602642013495301,EminKazimi,Emin,2,15,https://twitter.com/EminKazimi/status/1501337073588051970,[],[],0,,False,0,0,0,,Monero,,,,,,,"[{'screen_name': 'CikanCoin', 'name': '·¥Ñ…™·¥ã·¥Ä…¥·¥Ñ·¥è…™…¥', 'id': '1397362012456378370'}]",,,,
96,1501337063773245447,1501337063773245447,1646781624000.0,2022-03-08 15:20:24,-0800,,"üìà Criptomonedas Ganadoras:  $XMR Monero +22,93% (USD $194,11) $ZEC Zcash +20,99% (USD $132,94) $TON Toncoin +10,6% (USD $1,97) $AR Arweave +9,45% (USD $32,41) $LUNA Terra +9,14% (USD $85)   https://t.co/rot0aezQzM",cs,[],"['xmr', 'zec', 'ton', 'ar', 'luna']",2300299530,2300299530,DiarioBitcoin,Diario‡∏øitcoin,2,15,https://twitter.com/DiarioBitcoin/status/1501337063773245447,['https://diariobitcoin.com/criptomercados'],[],0,,False,3,0,0,,Monero,,,,,,,[],,,,
97,1501337013894668288,1501337013894668288,1646781612000.0,2022-03-08 15:20:12,-0800,,When privacy matters  #Monero,en,['monero'],[],4430353516,4430353516,AmeriCannaBlunt,AmeriCanna Blunt,2,15,https://twitter.com/AmeriCannaBlunt/status/1501337013894668288,[],[],0,,False,1,0,0,https://twitter.com/vikrantnyc/status/1501332751525502976,Monero,,,,,,,[],,,,
98,1501336999764111360,1501336999764111360,1646781608000.0,2022-03-08 15:20:08,-0800,,ƒ∞nsanlarƒ±n deƒüer saklama aracƒ± olarak g√∂rd√ºƒü√º ≈üey Bitcoin deƒüil Monero olduƒüu kanƒ±tlandƒ±. Konu kapandƒ±. ü§∑‚Äç‚ôÄÔ∏è,tr,[],[],732992530632069120,732992530632069120,Tutillaa,Tutilla,2,15,https://twitter.com/Tutillaa/status/1501336999764111360,[],[],0,,False,1,0,0,,Monero,,,,,,,[],,,,
99,1501336995246841859,1501336995246841859,1646781607000.0,2022-03-08 15:20:07,-0800,,"USD/XMR (Bitfinex) gained 9.03% in the last 20 min. CMC rank: 38 (previous rank: 40). 178.69843773USD, 0.00463086…É $XMR #Monero #cryptocurrency  https://t.co/aTEA8i1OL7",en,"['monero', 'cryptocurrency']",['xmr'],980812831942758400,980812831942758400,inputspike,Inputspike,2,15,https://twitter.com/inputspike/status/1501336995246841859,['https://app.inputspike.com/t?x=bitfinex&b=USD&q=XMR'],[],0,,False,1,0,0,,Monero,,,,,,,[],,,,
